00:00.415,63+
00:01.114,1-5+
00:01.462,5-3
00:01.637,4
00:01.811,25
00:02.161,1+6
00:02.508,5
00:02.857,1-4
00:03.033,2
00:03.206,35+
00:03.555,25-
00:03.905,1+4
00:04.253,1-5
00:04.602,16
00:04.951,25
00:05.125,5
00:05.300,16
00:05.473,1
00:05.649,25
00:05.823,5
00:05.998,1U6U
00:06.346,25
00:06.521,5
00:06.869,4
00:07.043,14
00:07.392,25
00:07.566,3
00:07.743,4
00:07.915,15+
00:08.264,2
00:08.439,25-
00:08.614,4
00:08.788,14
00:08.963,2
00:09.137,3
00:09.312,4
00:09.486,25
00:09.662,4
00:09.836,3
00:10.009,2+
00:10.183,6
00:10.533,62-
00:10.707,2
00:10.881,4
00:10.969,1
00:11.056,4
00:11.230,25
00:11.404,3
00:11.493,6
00:11.580,3
00:11.754,4
00:11.928,25
00:12.103,2
00:12.451,3
00:12.625,63
00:12.799,6
00:12.974,25
00:13.152,3
00:13.325,4
00:13.496,15+
00:13.847,2
00:14.020,25-
00:14.195,5
00:14.370,1+4
00:14.545,1-
00:14.718,2+5
00:14.893,2-
00:15.069,36+
00:15.242,6-
00:15.417,25+
00:15.590,5-
00:15.766,25
00:15.941,4
00:16.115,3
00:16.289,2
00:16.465,16
00:16.638,16
00:16.812,25
00:16.987,25
00:17.162,2U5L
00:17.509,14
00:17.685,1
00:18.034,5
00:18.208,4
00:18.382,3
00:18.557,62+
00:18.906,2-5
00:19.080,1+6
00:19.604,1-4
00:19.778,2
00:19.953,35
00:20.302,62
00:20.476,6
00:20.824,5
00:20.999,25
00:21.172,2
00:21.348,3
00:21.523,1+4
00:21.872,1-6+
00:22.220,6-3
00:22.394,5
00:22.570,2
00:22.744,25
00:23.094,14
00:23.267,1
00:23.615,2
00:23.790,25
00:23.965,5
00:24.139,3
00:24.313,6+2
00:24.662,16-
00:25.010,4
00:25.185,2+5
00:25.534,6+2-
00:25.883,6-3
00:26.057,6
00:26.232,3
00:26.406,4
00:26.581,25
00:26.928,1+6
00:27.278,4
00:27.452,2-5
00:27.626,6+
00:27.801,1
00:27.977,16-
00:28.324,2U5L
00:28.674,14
00:28.849,1
00:29.198,5
00:29.372,4
00:29.546,3
00:29.720,15+
00:30.070,25-
00:30.245,16+
00:30.768,6-3
00:30.942,5
00:31.117,24
00:31.467,15
00:31.640,1
00:31.989,2
00:32.162,25
00:32.336,5
00:32.512,4
00:32.687,6+3
00:33.035,1+6-
00:33.384,1-4
00:33.559,2
00:33.733,5
00:33.908,25
00:34.257,63
00:34.431,6
00:34.780,5
00:34.955,25
00:35.129,2
00:35.303,4
00:35.479,1+5
00:35.826,1-6
00:36.174,5
00:36.347,35
00:36.523,2
00:36.698,1+6
00:37.046,1-5+
00:37.395,2+5-
00:37.744,2-4
00:37.918,2
00:38.093,15
00:38.267,1
00:38.442,62
00:38.616,6
00:38.791,15
00:38.965,2
00:39.139,34
00:39.314,5
00:39.489,16
00:39.836,34
00:40.186,5+
00:40.360,2
00:40.535,25-
00:40.709,6+
00:40.884,1
00:41.059,16-
00:41.233,5
00:41.407,2
00:41.583,34
00:41.757,5
00:41.931,2
00:42.279,1U6
00:42.629,25
00:42.803,4
00:42.976,3
00:43.151,5
00:43.326,2
00:43.500,6+
00:43.676,3
00:43.849,6-2+
00:44.024,5
00:44.198,2-5
00:44.372,3
00:44.722,25
00:44.897,2
00:45.071,2R5L
00:45.246,4
00:45.420,3
00:46.117,25
00:46.292,5
00:46.466,2U5U
00:46.641,3
00:46.815,4
00:47.513,34
00:47.862,2+5
00:48.211,4
00:48.560,4
00:48.734,5
00:48.908,6
00:49.256,1-6
00:49.606,3
00:49.781,4
00:49.955,25
00:50.304,34
00:50.478,2
00:50.652,16
00:51.001,34
00:51.351,5+
00:51.525,2
00:51.699,25-
00:51.874,1+
00:52.048,6
00:52.223,1-6
00:52.397,2
00:52.572,5
00:52.746,34
00:52.921,2
00:53.095,5
00:53.443,1U6U
00:53.793,25
00:53.967,4
00:54.142,3
00:54.316,5
00:54.490,2
00:54.665,4
00:54.840,3
00:55.013,5+
00:55.188,1
00:55.361,16-
00:55.536,2R5L
00:55.710,4
00:55.886,3
00:56.235,14
00:56.584,25
00:56.932,63
00:57.107,6
00:57.281,3
00:57.630,63
00:57.979,25
00:58.328,14
00:58.502,1
00:58.675,4
00:58.851,3
00:59.025,6+2
00:59.374,1+6-
00:59.724,1-5
00:59.897,4
01:00.071,3
01:00.246,2
01:00.419,1+
01:00.507,4+
01:00.594,1-
01:00.682,4-
01:00.770,2+
01:00.856,5+
01:00.943,2-
01:01.030,5-
01:01.121,3+
01:01.205,6+
01:01.293,3-
01:01.379,6-
01:01.467,2+
01:01.555,5+
01:01.641,2-
01:01.729,5-
01:01.816,16
01:01.990,2
01:02.077,5
01:02.164,3
01:02.340,4
01:02.513,5
01:02.601,2
01:02.688,4
01:02.862,3
01:03.037,2
01:03.126,4
01:03.210,1L
01:03.560,25
01:03.735,1
01:03.821,4
01:03.908,1L
01:04.257,25
01:04.433,1
01:04.519,4
01:04.607,1U
01:04.955,34
01:05.129,2
01:05.217,5
01:05.304,2
01:05.479,3
01:05.653,4
01:05.828,5
01:06.002,6+2
01:06.351,16-
01:06.525,5
01:06.612,2
01:06.699,5
01:06.874,4
01:07.048,3
01:07.223,2+
01:07.398,6
01:07.745,6
01:07.919,2-5
01:08.007,3
01:08.094,5
01:08.269,2
01:08.444,4
01:08.616,3
01:08.791,2+5
01:09.140,2-4
01:09.315,5
01:09.402,2
01:09.490,6+
01:09.664,3
01:09.839,6-2
01:10.013,1+
01:10.188,5
01:10.536,6
01:10.710,1-5
01:10.798,2
01:10.885,5
01:11.060,3
01:11.234,4
01:11.409,2
01:11.583,2U5U
01:11.932,5
01:12.107,2
01:12.194,4
01:12.281,3
01:12.455,5
01:12.629,2
01:12.803,2L5R
01:12.978,6
01:13.153,3
01:13.327,5
01:13.502,25
01:13.851,3
01:14.025,4
01:14.200,5
01:14.374,16R
01:14.723,25
01:14.896,6
01:14.984,3
01:15.072,6R
01:15.420,25
01:15.594,6
01:15.682,3
01:15.770,6U
01:16.118,34
01:16.293,5
01:16.380,2
01:16.467,5
01:16.642,3
01:16.816,4
01:16.991,5
01:17.165,6+2
01:17.514,16-
01:17.688,2
01:17.775,5
01:17.862,2
01:18.037,3
01:18.211,4
01:18.386,5+
01:18.561,1
01:18.908,1
01:19.083,25-
01:19.170,4
01:19.257,2
01:19.432,5
01:19.606,4
01:19.782,3
01:19.955,25
01:20.130,4
01:20.305,3
01:20.479,2
01:20.566,5
01:20.653,3
01:20.827,4
01:21.002,5
01:21.176,1U6U
01:21.351,2
01:21.525,3
01:21.700,4
01:21.875,5
01:21.963,3
01:22.049,5
01:22.223,2
01:22.398,3
01:22.572,4
01:22.746,5+
01:22.921,1
01:23.096,15-
01:23.269,5
01:23.357,2
01:23.444,4
01:23.619,3
01:23.793,2
01:23.969,1U6U
01:24.143,5
01:24.317,4
01:24.491,3
01:24.666,2
01:24.753,4
01:24.839,2
01:25.015,5
01:25.189,4
01:25.363,3
01:25.538,2+
01:25.712,4
01:25.887,1-4
01:26.061,2
01:26.148,5
01:26.235,3
01:26.410,4
01:26.584,25
01:26.759,2
01:26.933,5+
01:27.107,3
01:27.281,6-3
01:27.456,5
01:27.543,2
01:27.630,4
01:27.805,3
01:27.980,25
01:28.327,1+
01:28.503,4
01:28.678,1-4
01:28.852,5
01:28.938,2
01:29.025,6+
01:29.201,3
01:29.375,6-3
01:29.724,25
01:29.898,3
01:30.072,4
01:30.247,5
01:30.334,2
01:30.421,4
01:30.596,3
01:30.683,5R
01:30.770,2
01:30.945,5
01:31.119,2+
01:31.294,4
01:31.469,1-4
01:31.643,2
01:31.729,5
01:31.817,3
01:31.992,4
01:32.166,25
01:32.340,2
01:32.515,5+
01:32.690,3
01:32.864,6-3
01:33.038,5
01:33.126,2
01:33.212,4
01:33.388,3
01:33.561,25
01:33.910,6+
01:34.085,3
01:34.259,6-3
01:34.433,2
01:34.521,5
01:34.608,1+
01:34.782,4
01:34.957,1-4
01:35.305,25
01:35.479,4
01:35.654,3
01:35.829,2
01:35.916,5
01:36.003,3
01:36.177,4
01:36.352,25
01:36.525,34
01:36.700,2+5+
01:37.049,2-5-
01:37.223,1L6R
01:37.573,34
01:37.747,25
01:37.922,25
01:38.096,1U6U
01:39.475,(3.5)
01:45.062,1U
01:45.414,2U
01:45.763,3U
01:46.112,4U
01:46.460,5U
01:46.809,6U
01:47.157,5U
01:47.505,4U
01:47.856,3U
01:48.205,2U
01:48.554,1U
01:48.902,2U
01:49.250,3U
01:49.601,4
01:49.949,5
01:50.298,6
01:50.472,2
01:50.560,4
01:50.647,1
01:50.821,2
01:50.995,3
01:51.170,4
01:51.258,2
01:51.345,5
01:51.519,16
01:51.693,25
01:52.042,63
01:52.216,5
01:52.391,4
01:52.565,3
01:52.652,5
01:52.740,2
01:52.915,16
01:53.088,25
01:53.438,16
01:53.612,2
01:53.786,3
01:53.961,4
01:54.049,2
01:54.135,5
01:54.309,34
01:54.484,25
01:54.659,1
01:54.833,16
01:55.007,5
01:55.182,4
01:55.356,3
01:55.443,5
01:55.530,2
01:55.705,34
01:55.880,25
01:56.229,6
01:56.316,3
01:56.402,6
01:56.490,3
01:56.577,5
01:56.664,2
01:56.752,5
01:56.839,2
01:56.926,4+
01:57.013,1+
01:57.100,4-
01:57.187,1-
01:57.274,5+
01:57.362,2+
01:57.450,5-
01:57.536,2-
01:57.623,6
01:57.798,16
01:57.973,25
01:58.146,34
01:58.321,25
01:58.495,16
01:58.670,5
01:58.757,2
01:58.844,5
01:58.931,2
01:59.019,5U