00:01.050,15+
00:01.415,36-
00:01.598,4
00:01.782,2+5
00:02.147,1-4
00:02.330,2
00:02.513,5
00:02.696,3
00:02.879,6R
00:03.241,2
00:03.425,5
00:03.608,4
00:03.791,3
00:03.974,2+6
00:04.341,1-4
00:04.524,3
00:04.707,25+
00:05.062,36-
00:05.245,5
00:05.428,2
00:05.611,4
00:05.794,1U
00:06.161,2
00:06.347,5
00:06.560,4
00:06.743,3
00:06.910,2+6
00:07.260,1-5
00:07.443,5+
00:07.626,2
00:07.809,36-
00:07.992,4
00:08.175,5+
00:08.358,2
00:08.541,25-
00:08.725,1+6+
00:09.075,1-6-
00:09.259,5
00:09.440,4
00:09.624,3
00:09.807,2+5
00:10.190,2-6
00:10.373,2
00:10.556,5
00:10.740,3
00:10.923,4
00:11.089,2+5+
00:12.005,1-6-
00:12.738,62+
00:13.104,2-5
00:13.287,1+
00:13.470,4
00:13.653,1-4
00:14.020,1R4
00:14.203,5
00:14.295,2
00:14.487,5
00:14.593,2
00:14.769,3
00:14.935,4
00:15.119,5
00:15.302,6
00:15.486,2
00:15.578,5
00:15.669,1+
00:15.943,1-4
00:16.035,1
00:16.218,5+
00:16.584,2+5-
00:16.951,2-5
00:17.134,6+
00:17.317,1
00:17.516,16-
00:17.883,25
00:18.056,3
00:18.230,4
00:18.415,5
00:18.596,1+6
00:18.972,2-4
00:19.147,5+
00:19.335,2
00:19.515,16-
00:19.705,5
00:19.880,61R
00:20.247,52L
00:20.616,1R6
00:20.994,52L
00:21.360,3
00:21.544,26+
00:21.818,6-3
00:21.909,6
00:22.093,2+
00:22.276,2-5
00:22.457,1
00:22.640,1+4
00:23.006,6
00:23.373,3-5
00:23.556,4
00:23.739,3
00:23.922,25
00:24.472,14+
00:24.747,24-
00:24.838,5+
00:25.022,35-
00:25.113,4
00:25.205,2
00:25.388,5
00:25.571,1U6U
00:25.754,25
00:26.120,5
00:26.212,2
00:26.301,5
00:26.483,4
00:26.667,3
00:26.850,2
00:27.033,1
00:27.212,5
00:27.297,2
00:27.385,6+
00:27.660,36-
00:27.752,6
00:27.935,2+
00:28.118,4
00:28.301,2-5+
00:28.478,3
00:28.651,25-
00:28.835,1+
00:29.017,6
00:29.200,1-6
00:29.566,5
00:29.658,3
00:29.749,5
00:29.933,2+
00:30.115,2-4
00:30.208,3
00:30.299,5+
00:30.665,26-
00:30.848,2+
00:31.031,5
00:31.215,1-5+
00:31.416,2
00:31.630,2+6-
00:31.797,6
00:31.981,1-5
00:32.149,25+
00:32.489,16-
00:32.867,25
00:33.056,4
00:33.230,1U5+
00:33.405,5-
00:33.601,2+6U
00:33.765,2-
00:33.940,1U5+
00:34.131,5-
00:34.307,2+6U
00:34.498,2-
00:34.696,1
00:34.800,4
00:34.892,1
00:34.975,4
00:35.072,2
00:35.149,5
00:35.245,2
00:35.341,5
00:35.431,3
00:35.516,6
00:35.608,3
00:35.700,6
00:35.791,2
00:35.883,5
00:35.976,2
00:36.357,2
00:36.449,5
00:36.520,2R
00:36.886,4L
00:37.252,2U
00:37.619,15+
00:37.802,2
00:37.985,35-
00:38.076,4
00:38.168,2+
00:38.351,2-5
00:38.535,1+6+
00:38.717,1-6-
00:38.900,52U
00:39.075,4
00:39.266,3
00:39.450,2+4
00:39.633,2-5
00:39.725,2
00:39.816,6+
00:39.990,16-
00:40.074,6
00:40.165,2+
00:40.349,2-5
00:40.441,2
00:40.532,6+
00:40.716,3
00:40.898,26-
00:40.990,5
00:41.082,1+
00:41.265,4
00:41.448,1-4
00:41.631,2
00:41.814,5+
00:42.006,3
00:42.197,3
00:42.380,2+5-
00:42.563,2-
00:42.746,16+
00:42.930,6-
00:43.118,1R
00:43.279,5
00:43.462,5+2L
00:43.828,5-1R
00:44.012,6+
00:44.195,2U
00:44.561,1L6-
00:44.927,52U
00:45.293,3
00:45.479,4
00:45.662,25
00:45.840,3
00:46.024,4
00:46.115,2
00:46.209,5
00:46.405,1+6
00:46.771,2-5
00:46.956,16+
00:47.139,2
00:47.322,35-
00:47.506,4
00:47.687,2+5+
00:47.872,2-5-
00:48.052,3+4
00:48.239,5
00:48.605,1-6
00:48.696,1
00:48.880,5
00:48.971,2
00:49.063,4
00:49.155,3
00:49.246,5
00:49.338,2+
00:49.704,2-5
00:49.887,34
00:50.253,1+6+
00:50.436,1-6-
00:50.620,2U5U
00:51.150,35+
00:51.332,25-
00:51.424,5
00:51.515,1+
00:51.699,1-6
00:51.791,1
00:51.882,5+
00:52.065,25-
00:52.156,5
00:52.248,1+
00:52.431,4
00:52.615,1-5
00:52.706,2
00:52.798,6+
00:52.981,3
00:53.167,36-
00:53.343,5
00:53.526,2+
00:53.709,4
00:53.892,4
00:54.075,2-5+
00:54.258,5-
00:54.442,1+6
00:54.625,1-
00:54.808,3
00:54.899,4
00:54.992,2
00:55.175,15+
00:55.541,36-
00:55.724,35+
00:55.907,2
00:56.090,15-
00:56.273,5
00:56.456,2+6
00:56.640,5
00:56.822,1-4
00:57.006,2+4
00:57.385,2-6
00:57.477,2
00:57.568,5
00:57.660,3
00:57.752,4
00:57.844,2
00:57.934,5
00:58.118,1+4
00:58.301,1-
00:58.484,2+5
00:58.667,2-
00:58.851,6+3
00:59.033,6-
00:59.229,25+
00:59.399,5-
00:59.583,3+
00:59.670,4+
00:59.749,3-
00:59.840,4-
00:59.932,2+
01:00.023,5+
01:00.115,2-
01:00.206,5-
01:00.297,1+
01:00.389,6+
01:00.481,1-
01:00.573,6-
01:00.664,2+
01:00.755,5+
01:00.847,2-
01:00.939,5-
01:01.031,3
01:01.122,4
01:01.214,2
01:01.305,5
01:01.396,3
01:01.488,4
01:01.583,2
01:01.671,5
01:01.763,3
01:01.856,4
01:01.946,2
01:02.044,5
01:02.145,3
01:02.237,4
01:02.321,2
01:02.400,5
01:02.491,2+
01:02.857,3-5+
01:03.238,1L6-
01:03.588,1L
01:03.955,25
01:04.138,4
01:04.322,3
01:04.504,62+
01:04.871,5
01:05.237,4+
01:05.603,4-
01:05.795,4
01:06.170,1-5+
01:06.352,2
01:06.535,35-
01:06.719,6
01:06.810,2
01:06.902,6+
01:07.085,3
01:07.434,2+5-
01:07.617,5
01:07.800,1-4
01:08.167,15+
01:08.533,6-2
01:08.625,5
01:08.717,3
01:08.900,4
01:09.083,5+
01:09.266,35-
01:09.358,4
01:09.542,2
01:09.633,5
01:09.725,2
01:09.816,4
01:09.999,3
01:10.183,2+6
01:10.565,1-5
01:10.748,2
01:10.932,34
01:11.115,5
01:11.299,26+
01:11.667,16-
01:11.848,5
01:12.030,34
01:12.212,2
01:12.400,16
01:12.762,25
01:12.949,25
01:13.130,16
01:13.311,16
01:13.503,25
01:13.702,25
01:13.868,16
01:14.027,16
01:14.242,2
01:14.333,5
01:14.425,3
01:14.517,4
01:14.610,2
01:14.701,5
01:14.792,3
01:14.883,4
01:14.975,2
01:15.067,5
01:15.158,3
01:15.249,4
01:15.341,2
01:15.433,5
01:15.525,2R
01:17.166,(3.5)
01:22.660,61R
01:23.008,52L
01:23.372,61R
01:23.737,2U5
01:24.099,61L
01:24.466,52U
01:24.851,3
01:25.198,16
01:25.381,16
01:25.564,25
01:25.747,25
01:25.930,16
01:26.113,2
01:26.205,5
01:26.297,2
01:26.480,6+1
01:26.844,5-3
01:27.027,4
01:27.210,2+5+
01:27.394,2-5-
01:27.577,1
01:27.668,6
01:27.760,2
01:27.851,5
01:27.943,1
01:28.033,6
01:28.126,2
01:28.217,5
01:28.313,1
01:28.427,6
01:28.504,2R
01:28.859,2+6
01:29.043,5
01:29.238,2-4
01:29.330,3
01:29.423,5+
01:29.606,25-
01:29.785,1+6+
01:29.972,1-6-
01:30.163,2U5U
01:30.347,3
01:30.527,4
01:30.711,35+
01:30.894,25-
01:30.986,5
01:31.077,1+
01:31.262,1-6
01:31.352,1
01:31.444,5+
01:31.627,25-
01:31.718,5
01:31.806,1+
01:31.992,4
01:32.157,1-5
01:32.236,2
01:32.331,6+
01:32.509,3
01:32.698,36-
01:32.904,5
01:33.067,2+
01:33.263,4
01:33.450,4
01:33.628,2-5+
01:33.817,5-
01:34.000,1+6
01:34.172,1-
01:34.359,3
01:34.451,4
01:34.547,2
01:34.725,15+
01:35.048,36-
01:35.250,35+
01:35.423,2
01:35.610,15-
01:35.785,5
01:35.979,2+6
01:36.165,5
01:36.371,1-4
01:36.521,2+4
01:36.900,2-6
01:36.989,2
01:37.085,5
01:37.168,3
01:37.248,4
01:37.336,2
01:37.435,5
01:37.618,1+4
01:37.801,1-
01:37.990,2+5
01:38.172,2-
01:38.354,36+
01:38.540,6-
01:38.724,25+
01:38.906,5-
01:39.085,3+
01:39.174,4+
01:39.256,3-
01:39.354,4-
01:39.455,2+
01:39.549,5+
01:39.639,2-
01:39.733,5-
01:39.824,1+
01:39.916,6+
01:40.005,1-
01:40.087,6-
01:40.186,2+
01:40.288,5+
01:40.379,2-
01:40.467,5-
01:40.565,3
01:40.657,4
01:40.740,1
01:40.833,5
01:40.931,3
01:41.020,4
01:41.106,2
01:41.206,6
01:41.298,3
01:41.390,4
01:41.479,2
01:41.560,6
01:41.659,3
01:41.756,4
01:41.848,1
01:41.940,5
01:42.022,2+
01:42.398,3-5+
01:42.755,1L6-
01:43.118,1L
01:43.496,25
01:43.679,3
01:43.863,4
01:44.046,25+
01:44.229,2
01:44.596,1
01:44.779,2
01:44.962,3
01:45.329,3
01:45.512,2
01:45.695,16-
01:46.044,4
01:46.228,3
01:46.410,2+6
01:46.777,2-4
01:46.960,15+
01:47.143,2
01:47.327,35-
01:47.510,4
01:47.694,1+5
01:47.876,6
01:48.242,1-5+
01:48.609,2+5-
01:48.975,2-4
01:49.158,5
01:49.342,36+
01:49.707,26-
01:49.891,1+5
01:50.073,5
01:50.440,6
01:50.624,5
01:50.806,4
01:51.172,4
01:51.355,5
01:51.539,1-6
01:51.906,16
01:52.088,2
01:52.272,35
01:52.462,4
01:52.656,3
01:52.838,2+6
01:53.205,1-5
01:53.388,2
01:53.558,2R5L
01:54.489,2U5U
01:55.211,1+6+
01:59.578,1L6R
